"索引","DMM-1 时间 (s)","DMM-1 电压 (V)"
"1","0.0006009","-0.0007438279"
"2","0.1481161","-0.002570462"
"3","0.2971144","-0.004466429"
"4","0.4456685","-0.006384219"
"5","0.5972169","-0.008163746"
"6","1.1263739","-0.01431841"
"7","1.2741227","-0.01610931"
"8","1.4312802","-0.01778925"
"9","1.58024","-0.01945651"
"10","1.7303245","-0.02111218"
"11","1.8803713","-0.02272677"
"12","2.0289565","-0.02431616"
"13","2.1790982","-0.02590282"
"14","2.3273833","-0.02747648"
"15","2.4759976","-0.02903156"
"16","2.6260172","-0.03054036"
"17","3.103911","0.03111326"
"18","3.251406","0.8391916"
"19","3.4061657","0.8863956"
"20","3.5525771","0.8883929"
"21","3.6996538","0.8895173"
"22","3.8466392","0.8902857"
"23","3.9930829","0.8911829"
"24","4.1397085","0.890659"
"25","4.2872659","0.8785362"
"26","4.4358815","0.582979"
"27","4.5827938","0.2065628"
"28","5.0713904","0.04310967"
"29","5.2201166","0.04070188"
"30","5.3681603","0.03840237"
"31","5.5133097","0.03617918"
"32","5.6617921","0.03377271"
"33","5.8111667","0.03175817"
"34","5.9614417","0.02962884"
"35","6.1132882","0.02763611"
"36","6.2627362","0.0257075"
"37","6.4113801","0.02492347"
"38","6.5590527","0.02849616"
"39","7.0621332","0.8922189"
"40","7.2107303","0.8924249"
"41","7.3607657","0.8925762"
"42","7.5082867","0.8927072"
"43","7.6569469","0.8914907"
"44","7.8038593","0.8774008"
"45","7.9490203","0.5824311"
"46","8.095652","0.2076875"
"47","8.2425864","0.06926791"
"48","8.3897769","0.05831658"
"49","8.5386044","0.05638703"
"50","8.6851385","0.05222398"
"51","9.1475408","0.05021196"
"52","9.2949955","0.04819164"
"53","9.4429337","0.04633472"
"54","9.591849","0.04465492"
"55","9.7401134","0.04296036"
"56","9.8878295","0.04149005"
"57","10.0410933","0.04187945"
"58","10.1897064","0.05596837"
"59","10.3395244","0.3932638"
"60","10.4893066","0.8844999"
"61","10.6385826","0.8909953"
"62","11.1541065","0.8907562"
"63","11.3019169","0.8898394"
"64","11.450952","0.8770002"
"65","11.5989546","0.6461947"
"66","11.7441202","0.2403327"
"67","11.8913694","0.08096112"
"68","12.037729","0.06547122"
"69","12.1848668","0.06633004"
"70","12.3303012","0.06597229"
"71","12.47743","0.06591488"
"72","12.6250971","0.06463528"
"73","13.0735636","0.05865434"
"74","13.2205801","0.0567041"
"75","13.3693042","0.05515761"
"76","13.5197416","0.05370998"
"77","13.6664504","0.05329501"
"78","13.8156548","0.05703239"
"79","13.964537","0.1015927"
"80","14.1141829","0.8541977"
"81","14.2635726","0.887976"
"82","14.4145597","0.888661"
"83","14.5620924","0.8884752"
"84","15.0813516","0.870701"
"85","15.2292641","0.5599309"
"86","15.3768273","0.2067365"
"87","15.5221773","0.07681181"
"88","15.6710532","0.07071657"
"89","15.8191525","0.07162621"
"90","15.9664135","0.07216286"
"91","16.1145601","0.071931"
"92","16.2610891","0.07116307"
"93","16.4069287","0.07001443"
"94","16.5551166","0.06858645"
"95","17.0359112","0.06406783"
"96","17.1812264","0.06250264"
"97","17.3279625","0.06164915"
"98","17.4748176","0.06286046"
"99","17.6221165","0.08247081"
"100","17.7708929","0.5777416"
"101","17.9181684","0.8832822"
"102","18.0646022","0.8869311"
"103","18.2129946","0.88652"
"104","18.3597773","0.8860914"
"105","18.5075422","0.8860993"
"106","18.6552693","0.4559058"
"107","19.1154958","0.1689581"
"108","19.2610597","0.07100867"
"109","19.4076354","0.06892812"
"110","19.5539851","0.06965528"
"111","19.7042633","0.06965771"
"112","19.8505103","0.06959741"
"113","19.9968461","0.06873334"
"114","20.1446","0.06756546"
"115","20.2927572","0.06649533"
"116","20.4409065","0.06492253"
"117","20.5886273","0.06368775"
"118","21.0613235","0.06224016"
"119","21.2083094","0.07852954"
"120","21.3559704","0.4116821"
"121","21.5020652","0.8775894"
"122","21.6488178","0.8841937"
"123","21.7971649","0.8839504"
"124","21.9437043","0.8834181"
"125","22.0918054","0.8834016"
"126","22.2398433","0.8834943"
"127","22.3882312","0.8801727"
"128","22.534112","0.8467134"
"129","22.6818734","0.07028983"
"130","23.1769572","0.07152139"
"131","23.3301779","0.07207933"
"132","23.4798334","0.07173601"
"133","23.6262154","0.0710658"
"134","23.7742495","0.07060028"
"135","23.9215682","0.06969838"
"136","24.0690217","0.06856258"
"137","24.2176679","0.06724466"
"138","24.3637956","0.06592711"
"139","24.5092571","0.06476448"
"140","24.6586408","0.06409733"
"141","25.1326993","0.794311"
"142","25.278182","0.8792272"
"143","25.422713","0.8812824"
"144","25.5696612","0.8811439"
"145","25.7179714","0.8809041"
"146","25.8646878","0.8804055"
"147","26.0097454","0.8709735"
"148","26.157622","0.7092371"
"149","26.3046032","0.2623825"
"150","26.4530895","0.08650364"
"151","26.6014463","0.06880344"
"152","27.0772117","0.07108823"
"153","27.2243139","0.0703738"
"154","27.3719123","0.0695062"
"155","27.5198941","0.06859495"
"156","27.6678084","0.06760061"
"157","27.8138489","0.06662394"
"158","27.9605975","0.06553261"
"159","28.1091409","0.0644564"
"160","28.2603918","0.06400076"
"161","28.4096444","0.06488986"
"162","28.556779","0.07956456"
"163","28.70488","0.8788753"
"164","29.1853182","0.8787411"
"165","29.3328966","0.878386"
"166","29.4802988","0.8783866"
"167","29.6290573","0.8758676"
"168","29.7772745","0.8526011"
"169","29.9276552","0.4572039"
"170","30.0735482","0.1635623"
"171","30.2220989","0.07260168"
"172","30.3705396","0.06985984"
"173","30.517094","0.07168375"
"174","30.6641778","0.07201076"
"175","31.1514094","0.06950969"
"176","31.2979607","0.0684599"
"177","31.4455195","0.06727166"
"178","31.5930974","0.06616636"
"179","31.7387748","0.06495834"
"180","31.8851758","0.06452846"
"181","32.0337001","0.06634954"
"182","32.1804831","0.08821472"
"183","32.3279332","0.6137913"
"184","32.4746585","0.8731241"
"185","32.6216159","0.8769881"
"186","33.0978486","0.8767658"
"187","33.2454226","0.8751103"
"188","33.3930064","0.8573571"
"189","33.5408243","0.5481815"
"190","33.6895357","0.1894486"
"191","33.8373457","0.07459439"
"192","33.9866844","0.07293021"
"193","34.1385622","0.07421781"
"194","34.2870566","0.07413305"
"195","34.4364181","0.073902"
"196","34.5870582","0.07290351"
"197","35.080043","0.06921561"
"198","35.2295177","0.06807231"
"199","35.378325","0.06698322"
"200","35.5295259","0.06627309"
"201","35.6808159","0.06762219"
"202","35.8294811","0.08481402"
"203","35.9777033","0.4109924"
"204","36.1256127","0.8688371"
"205","36.2768396","0.8750815"
"206","36.4271224","0.8749718"
"207","36.5790105","0.8744787"
"208","37.0686623","0.830923"
"209","37.2155398","0.3590777"
"210","37.3619403","0.1340245"
"211","37.5094845","0.07593425"
"212","37.6562802","0.07617322"
"213","37.8045608","0.07780889"
"214","37.9520089","0.07702673"
"215","38.1003216","0.07629424"
"216","38.2488351","0.07513539"
"217","38.3947805","0.07410704"
"218","38.5419232","0.07292584"
"219","38.6894084","0.06923291"
"220","39.1610367","0.06833813"
"221","39.307383","0.06853822"
"222","39.4522343","0.073792"
"223","39.5986006","0.1120323"
"224","39.7461443","0.8419835"
"225","39.8934326","0.8721529"
"226","40.0401059","0.8726386"
"227","40.1872433","0.8725563"
"228","40.335772","0.8723075"
"229","40.4817569","0.8721745"
"230","40.628475","0.8640603"
"231","41.1191011","0.07878532"
"232","41.2694282","0.07632183"
"233","41.4161532","0.07809043"
"234","41.5630235","0.07810454"
"235","41.7099715","0.07764661"
"236","41.8581843","0.07693451"
"237","42.006979","0.07569088"
"238","42.1604398","0.07442375"
"239","42.3077912","0.07336566"
"240","42.4552898","0.07227457"
"241","42.6027853","0.07109331"
"242","43.0678133","0.07197876"
"243","43.2159009","0.09943657"
"244","43.3645871","0.738764"
"245","43.5107539","0.867866"
"246","43.6579089","0.8707361"
"247","43.8067012","0.8707391"
"248","43.9549809","0.8703763"
"249","44.1024283","0.870375"
"250","44.2509902","0.8695121"
"251","44.396127","0.8562741"
"252","44.5415989","0.6636952"
"253","44.6885228","0.07370769"
"254","45.1520787","0.07571527"
"255","45.2982275","0.07717019"
"256","45.4449359","0.07761338"
"257","45.5923325","0.07674922"
"258","45.7404212","0.0750388"
"259","45.8899489","0.07372078"
"260","46.0370793","0.07269114"
"261","46.1852731","0.07153352"
"262","46.3326385","0.07039291"
"263","46.4830046","0.06938067"
"264","46.6341149","0.06949966"
"265","47.1534183","0.8593627"
"266","47.3015117","0.8688997"
"267","47.4477006","0.8690175"
"268","47.5937932","0.8685035"
"269","47.7411153","0.8684442"
"270","47.8884897","0.8673374"
"271","48.0360956","0.852334"
"272","48.1825937","0.6303973"
"273","48.3302349","0.2096515"
"274","48.4780165","0.07876261"
"275","48.6256446","0.07302934"
"276","49.1185358","0.07850872"
"277","49.2662471","0.07798845"
"278","49.4144429","0.07698359"
"279","49.5603902","0.07612559"
"280","49.7091592","0.0747174"
"281","49.8588659","0.07351196"
"282","50.0060806","0.07231445"
"283","50.1523547","0.07112978"
"284","50.298456","0.07024375"
"285","50.4435524","0.07107615"
"286","50.5902851","0.08194722"
"287","51.0546333","0.8670097"
"288","51.2004825","0.8669386"
"289","51.3472242","0.8664198"
"290","51.4984575","0.8663653"
"291","51.6475505","0.8636558"
"292","51.7965193","0.8375599"
"293","51.9449274","0.4367886"
"294","52.0914868","0.1408052"
"295","52.2391219","0.07198294"
"296","52.3872826","0.07412791"
"297","52.5354675","0.07721168"
"298","52.6823408","0.07798847"
"299","53.1520057","0.07671251"
"300","53.3003352","0.07560259"
"301","53.4508815","0.07454495"
"302","53.6001663","0.07325016"
"303","53.7514041","0.07214408"
"304","53.9027925","0.07144646"
"305","54.0529984","0.07239135"
"306","54.2028718","0.08737026"
"307","54.351209","0.2645028"
"308","54.5000404","0.8533802"
"309","54.6500697","0.8652828"
"310","55.1641965","0.8648382"
"311","55.3101725","0.864768"
"312","55.4611288","0.8548568"
"313","55.6103146","0.6983773"
"314","55.7627959","0.2362103"
"315","55.9123574","0.08204191"
"316","56.0620706","0.07458302"
"317","56.2109943","0.07848891"
"318","56.3612794","0.07970692"
"319","56.5086523","0.07985846"
"320","56.65628","0.07953654"
"321","57.1290147","0.07625052"
"322","57.2755666","0.07513797"
"323","57.4220173","0.07406816"
"324","57.5710565","0.0729735"
"325","57.7185139","0.07270704"
"326","57.865668","0.07523967"
"327","58.0110686","0.1037459"
"328","58.1587176","0.7232767"
"329","58.3065513","0.8603475"
"330","58.4535298","0.8634663"
"331","58.6044135","0.8637249"
"332","59.1319081","0.8339223"
"333","59.2820925","0.4276294"
"334","59.4300197","0.1395334"
"335","59.5814881","0.07120098"
"336","59.731045","0.07367557"
"337","59.8790301","0.07709613"
"338","60.0260884","0.07843164"
"339","60.1770826","0.07856219"
"340","60.33013","0.07771061"
"341","60.4789531","0.07686158"
"342","60.6277198","0.07590331"
"343","61.1388572","0.07234263"
"344","61.2888914","0.07143578"
"345","61.4371377","0.07182992"
"346","61.5871452","0.07841178"
"347","61.7341883","0.1127845"
"348","61.8803498","0.8359411"
"349","62.0268147","0.8617545"
"350","62.1735396","0.86212"
"351","62.3217792","0.8618534"
"352","62.4670616","0.8616334"
"353","62.6142483","0.861289"
"354","63.0886356","0.1840176"
"355","63.2414971","0.07249883"
"356","63.3905412","0.07231997"
"357","63.5393425","0.07642639"
"358","63.6889526","0.07773611"
"359","63.8378581","0.07775607"
"360","63.9848944","0.07710767"
"361","64.1325067","0.07667118"
"362","64.280106","0.07544262"
"363","64.4288697","0.07447711"
"364","64.5784481","0.07346911"
"365","65.056195","0.0708479"
"366","65.2036432","0.07217351"
"367","65.3508543","0.08972278"
"368","65.4970606","0.3615097"
"369","65.6447227","0.8520529"
"370","65.7914437","0.8604013"
"371","65.9386505","0.8606549"
"372","66.0881063","0.8601024"
"373","66.2399746","0.8600224"
"374","66.3912496","0.8550146"
"375","66.5413329","0.7988119"
"376","66.6884873","0.07060127"
"377","67.1898577","0.07537775"
"378","67.3386271","0.0780425"
"379","67.485803","0.07819065"
"380","67.6344091","0.07760178"
"381","67.7848611","0.07663891"
"382","67.9355518","0.0756086"
"383","68.0845051","0.07465181"
"384","68.232227","0.0737374"
"385","68.3799258","0.07276555"
"386","68.5268469","0.07196473"
"387","68.6754017","0.1255072"
"388","69.1450559","0.8375658"
"389","69.2913158","0.8592918"
"390","69.4393738","0.8594328"
"391","69.5870348","0.8590981"
"392","69.7346665","0.858824"
"393","69.880332","0.8569075"
"394","70.0280253","0.8372939"
"395","70.17321","0.5450751"
"396","70.3199276","0.1671001"
"397","70.4659644","0.07059043"
"398","70.6162171","0.0722637"
"399","71.0692773","0.07847703"
"400","71.2164223","0.07782609"
"401","71.3635069","0.07717441"
"402","71.5134257","0.07631153"
"403","71.6605171","0.07555731"
"404","71.8081443","0.07454964"
"405","71.9566259","0.07369924"
"406","72.1030374","0.07272619"
"407","72.2526856","0.07285016"
"408","72.4003666","0.07663182"
"409","72.5476942","0.1113104"
"410","72.6943526","0.857461"
"411","73.1748112","0.8571514"
"412","73.3263407","0.8568941"
"413","73.4790561","0.8545668"
"414","73.627997","0.8301968"
"415","73.7783124","0.4546791"
"416","73.9264854","0.1399238"
"417","74.0751731","0.07181767"
"418","74.2243291","0.07375729"
"419","74.3783553","0.07776386"
"420","74.5280965","0.07915191"
"421","74.6782493","0.07741677"
"422","75.1812343","0.0764975"
"423","75.3316844","0.07552896"
"424","75.4807721","0.07477221"
"425","75.6292919","0.07393323"
"426","75.776604","0.07386994"
"427","75.9241974","0.0764015"
"428","76.0722298","0.1042826"
"429","76.2231617","0.7195877"
"430","76.3732231","0.8528414"
"431","76.5243667","0.8557658"
"432","76.6722072","0.8558449"
"433","77.1462118","0.8507578"
"434","77.2925981","0.8028725"
"435","77.4404073","0.3103469"
"436","77.5868078","0.1096792"
"437","77.7327705","0.07074954"
"438","77.8816637","0.07467934"
"439","78.0304968","0.07820197"
"440","78.1803637","0.07954181"
"441","78.3286048","0.07957552"
"442","78.4783325","0.07914362"
"443","78.6272605","0.07842136"
"444","79.1435188","0.07533258"
"445","79.2903657","0.07467892"
"446","79.437319","0.07532138"
"447","79.5838504","0.08335556"
"448","79.7300942","0.1217673"
"449","79.8769636","0.8317853"
"450","80.0231069","0.8543246"
"451","80.1696421","0.8547199"
"452","80.316934","0.8545286"
"453","80.465077","0.8542506"
"454","80.61512","0.853359"
"455","81.099271","0.1456808"
"456","81.2471789","0.07196274"
"457","81.3947135","0.07263386"
"458","81.5410897","0.07655567"
"459","81.6887395","0.07900347"
"460","81.8365177","0.07977927"
"461","81.9854216","0.07964066"
"462","82.137225","0.07884523"
"463","82.2885936","0.07792058"
"464","82.4398156","0.07697171"
"465","82.5905393","0.07589251"
"466","83.0696561","0.07520883"
"467","83.2204974","0.09008348"
"468","83.3686481","0.2524803"
"469","83.5177739","0.839958"
"470","83.6667616","0.852859"
"471","83.8139579","0.8532071"
"472","83.964435","0.8526289"
"473","84.1127006","0.8524929"
"474","84.2624861","0.8525587"
"475","84.4121924","0.8468204"
"476","84.5617398","0.7739327"
"477","84.7110809","0.07106011"
"478","85.1937508","0.0755242"
"479","85.3406892","0.07839046"
"480","85.4888799","0.07956342"
"481","85.6355783","0.07973305"
"482","85.7845418","0.07919611"
"483","85.9329405","0.07823949"
"484","86.0804162","0.07738403"
"485","86.2273893","0.07655691"
"486","86.3758523","0.07582515"
"487","86.5259496","0.07505414"
"488","86.6744215","0.07507593"
"489","87.1721722","0.8256859"
"490","87.322219","0.8512095"
"491","87.4712611","0.8517773"
"492","87.6222029","0.8514798"
"493","87.7753847","0.8512038"
"494","87.9226668","0.8495319"
"495","88.0749918","0.8287986"
"496","88.2245288","0.5130673"
"497","88.3751299","0.147685"
"498","88.5246781","0.0704357"
"499","88.6761726","0.07294557"
"500","89.174296","0.08101276"
"501","89.3248326","0.08038789"
"502","89.4760327","0.07936014"
"503","89.6259745","0.07840964"
"504","89.777204","0.07760084"
"505","89.926406","0.07684964"
"506","90.0755908","0.07601333"
"507","90.224502","0.07529228"
"508","90.3747279","0.07566085"
"509","90.5237831","0.08195349"
"510","90.6767747","0.1150357"
"511","91.1735811","0.8503935"
"512","91.3203255","0.8497123"
"513","91.4660549","0.8495139"
"514","91.6148864","0.8443443"
"515","91.7625759","0.7865569"
"516","91.9100462","0.2892505"
"517","92.0569435","0.09620848"
"518","92.205437","0.06743642"
"519","92.3563424","0.07433967"
"520","92.5072684","0.07823689"
"521","92.6587205","0.07993801"
"522","93.1573788","0.0781376"
"523","93.306553","0.07713675"
"524","93.4555361","0.07624304"
"525","93.6042295","0.07543649"
"526","93.7521213","0.07459832"
"527","93.8997344","0.07443397"
"528","94.0494401","0.07659884"
"529","94.1983675","0.1008085"
"530","94.3450995","0.6044052"
"531","94.4913617","0.8437529"
"532","94.6385944","0.8489285"
"533","95.1161322","0.848031"
"534","95.263049","0.8462995"
"535","95.4106346","0.8258194"
"536","95.5580801","0.5306707"
"537","95.705552","0.1529022"
"538","95.8559701","0.06986992"
"539","96.0032352","0.07233767"
"540","96.151805","0.0773294"
"541","96.3009099","0.0797237"
"542","96.4492111","0.08059234"
"543","96.5994354","0.08014102"
"544","97.0951898","0.07712495"
"545","97.2455193","0.07630058"
"546","97.3961223","0.07541032"
"547","97.5462227","0.07516202"
"548","97.6972658","0.07711329"
"549","97.8480087","0.09890188"
"550","97.9984173","0.5337868"
"551","98.1465241","0.8419569"
"552","98.2944109","0.8473468"
"553","98.4422419","0.8475229"
"554","98.58913","0.84692"
"555","98.7371063","0.791489"
"556","99.2093192","0.289153"
"557","99.3585561","0.0931798"
"558","99.5081359","0.06719381"
"559","99.6584826","0.07343473"
"560","99.8079783","0.07801843"
"561","99.9586079","0.07936444"
"562","100.107683","0.07924296"
"563","100.2581032","0.07885492"
"564","100.4082462","0.07813025"
"565","100.5584439","0.07718121"
"566","100.709353","0.07406373"
"567","101.220288","0.07346828"
"568","101.3696132","0.07428767"
"569","101.5197664","0.08397801"
"570","101.6711376","0.1528564"
"571","101.8209904","0.8279936"
"572","101.9725315","0.8459092"
"573","102.1212939","0.8460321"
"574","102.2695558","0.8454086"
"575","102.4191567","0.8451571"
"576","102.5691374","0.8433816"
"577","102.7216684","0.09767286"
"578","103.2211213","0.0685123"
"579","103.3699136","0.07523739"
"580","103.516129","0.0795497"
"581","103.6619981","0.08175851"
"582","103.8098435","0.08170603"
"583","103.9579052","0.080883"
"584","104.1051328","0.07981006"
"585","104.2539401","0.07874603"
"586","104.400818","0.07766861"
"587","104.5463838","0.07674807"
"588","104.6937769","0.07581978"
"589","105.0916569","0.07824574"
"590","105.2369431","0.1084983"
"591","105.3831831","0.7226479"
"592","105.5306861","0.8413028"
"593","105.6773645","0.8446638"
"594","105.8227942","0.8447132"
"595","105.9681676","0.8442417"
"596","106.1140498","0.8440108"
"597","106.2612179","0.8417227"
"598","106.4075269","0.8185065"
"599","106.5545333","0.4942009"
"600","106.700291","0.07530542"
"601","107.1836492","0.0806769"
"602","107.3312873","0.08284389"
"603","107.4780338","0.08301073"
"604","107.6250993","0.08285663"
"605","107.7716012","0.08152033"
"606","107.9195927","0.08011431"
"607","108.066185","0.07906083"
"608","108.2133222","0.07811847"
"609","108.3604137","0.07728075"
"610","108.5072048","0.07668728"
"611","108.6536931","0.07683807"
"612","109.1304972","0.8223802"
"613","109.2785311","0.8431923"
"614","109.4273029","0.8435607"
"615","109.57711","0.8430829"
"616","109.7280498","0.8427745"
"617","109.8811677","0.840608"
"618","110.0305899","0.8170526"
"619","110.1790524","0.4856239"
"620","110.3260742","0.135714"
"621","110.4731699","0.06408222"
"622","110.6207061","0.0702611"
"623","111.0947754","0.08062275"
"624","111.2418764","0.08042526"
"625","111.3889355","0.07978866"
"626","111.5365562","0.07884835"
"627","111.6837726","0.07785641"
"628","111.8304546","0.07696711"
"629","111.9769674","0.07606766"
"630","112.123898","0.07520699"
"631","112.2707699","0.07498405"
"632","112.4182117","0.07703295"
"633","112.5658374","0.09999835"
"634","112.7133608","0.8418773"
"635","113.2076817","0.8416973"
"636","113.3553429","0.841309"
"637","113.5032303","0.8410258"
"638","113.6533991","0.8316581"
"639","113.8042171","0.6867267"
"640","113.9533322","0.2079795"
"641","114.1065649","0.06917162"
"642","114.2575172","0.06704828"
"643","114.4054461","0.07477177"
"644","114.5564526","0.07891715"
"645","114.7075743","0.07896551"
"646","115.2191178","0.07792857"
"647","115.370296","0.07707564"
"648","115.5205539","0.07633777"
"649","115.6696738","0.07536982"
"650","115.8170333","0.07518153"
"651","115.9642113","0.07661478"
"652","116.1135585","0.09504164"
"653","116.2598715","0.3820839"
"654","116.4076923","0.8321968"
"655","116.5546176","0.8407677"
"656","116.7004542","0.8402874"
"657","117.1616374","0.8398628"
"658","117.3096237","0.8280887"
"659","117.4574967","0.6571846"
"660","117.6047506","0.1979569"
"661","117.7523532","0.07075103"
"662","117.8979456","0.06778311"
"663","118.0442703","0.0754566"
"664","118.1912683","0.08034214"
"665","118.3372623","0.08227011"
"666","118.4846977","0.0834801"
"667","118.6305487","0.0825168"
"668","119.1020068","0.07891732"
"669","119.249342","0.07780378"
"670","119.3986074","0.076918"
"671","119.5465708","0.07706819"
"672","119.6944004","0.08105857"
"673","119.8421029","0.1137538"
"674","119.990195","0.7834725"
"675","120.1367695","0.8372852"
"676","120.2823408","0.839275"
"677","120.4304186","0.8394165"
"678","120.5792946","0.8389391"
"679","120.7294022","0.5637138"
"680","121.2306339","0.1524134"
"681","121.3783014","0.06457437"
"682","121.5256017","0.06758942"
"683","121.6757741","0.07457362"
"684","121.824269","0.07878551"
"685","121.9769768","0.08031266"
"686","122.1269269","0.08049215"
"687","122.2759217","0.08001058"
"688","122.4248536","0.07936098"
"689","122.5732985","0.07851488"
"690","122.7238773","0.07620406"
"691","123.2467476","0.07668111"
"692","123.3979164","0.08440412"
"693","123.5471279","0.1198083"
"694","123.6987516","0.8170309"
"695","123.8465176","0.8376123"
"696","123.9923368","0.838372"
"697","124.1390768","0.837999"
"698","124.2857632","0.8376623"
"699","124.4327088","0.8366387"
"700","124.5783696","0.8202958"
"701","124.7252686","0.06355599"
"702","125.2074091","0.06861651"
"703","125.3589584","0.07598798"
"704","125.5116156","0.07871854"
"705","125.659656","0.07968981"
"706","125.8075531","0.0795761"
"707","125.9549821","0.07891505"
"708","126.1036595","0.07801265"
"709","126.2540681","0.07698943"
"710","126.4044604","0.07659481"
"711","126.553081","0.07536512"
"712","126.7011365","0.07472172"
"713","127.2236405","0.701127"
"714","127.3732408","0.8331848"
"715","127.5219107","0.8367889"
"716","127.6716762","0.8369995"
"717","127.8208939","0.8364853"
"718","127.969914","0.8363495"
"719","128.118285","0.8357159"
"720","128.2686514","0.8216723"
"721","128.415488","0.6289082"
"722","128.5642338","0.1772734"
"723","128.7112496","0.06733001"
"724","129.2163915","0.07885969"
"725","129.366439","0.08016846"
"726","129.5155526","0.08014225"
"727","129.6622767","0.07984466"
"728","129.8103632","0.07911479"
"729","129.9584975","0.0783232"
"730","130.1064594","0.07739978"
"731","130.2551188","0.07650846"
"732","130.4005602","0.07616045"
"733","130.5485678","0.07820904"
"734","130.6947281","0.0944141"
"735","131.1676682","0.8358154"
"736","131.3146537","0.8362"
"737","131.4599095","0.8355907"
"738","131.6071854","0.8354246"
"739","131.7545549","0.8277969"
"740","131.9013571","0.7311038"
"741","132.0466741","0.2383136"
"742","132.192865","0.07415272"
"743","132.3416729","0.06378415"
"744","132.4890168","0.07200149"
"745","132.6363789","0.07713571"
"746","133.1115447","0.07972991"
"747","133.2583811","0.07899278"
"748","133.4065845","0.07815296"
"749","133.5535981","0.07729889"
"750","133.7014085","0.07730112"
"751","133.8485914","0.07623893"
"752","133.99766","0.07609329"
"753","134.1476742","0.07837965"
"754","134.2979466","0.1038035"
"755","134.4465193","0.6591361"
"756","134.5952698","0.8301926"
"757","134.7436495","0.8343836"
"758","135.2407477","0.8342564"
"759","135.3903198","0.8292046"
"760","135.538744","0.7736971"
"761","135.6891641","0.2685737"
"762","135.8354158","0.08573319"
"763","135.9838514","0.06358656"
"764","136.132872","0.0713948"
"765","136.2851791","0.07715994"
"766","136.4359374","0.07971041"
"767","136.5843438","0.08020343"
"768","136.7297163","0.07895032"
"769","137.2054835","0.078014"
"770","137.354417","0.07700395"
"771","137.5021299","0.07618681"
"772","137.6484686","0.07618291"
"773","137.7966697","0.07921088"
"774","137.9438884","0.1102063"
"775","138.0902908","0.7256193"
"776","138.23811","0.8300445"
"777","138.3865663","0.8334208"
"778","138.5386648","0.8335258"
"779","138.6884239","0.8330166"
"780","139.1803321","0.6144506"
"781","139.3312637","0.161794"
"782","139.4799305","0.0644744"
"783","139.6294306","0.06720556"
"784","139.7769157","0.07497661"
"785","139.9258336","0.07858748"
"786","140.0749391","0.0806239"
"787","140.22516","0.08034694"
"788","140.3755417","0.08011936"
"789","140.5258413","0.07946252"
"790","140.6759903","0.07863317"
"791","141.1673657","0.07564819"
"792","141.3166567","0.07558834"
"793","141.466966","0.07854658"
"794","141.6188271","0.1088362"
"795","141.766933","0.7271509"
"796","141.9161461","0.8290583"
"797","142.0657616","0.8322105"
"798","142.2141065","0.8325056"
"799","142.3621119","0.8319857"
"800","142.5115359","0.8317032"
"801","142.6618283","0.8218752"
"802","143.1633296","0.06343521"
"803","143.3137873","0.06906908"
"804","143.4649265","0.07679117"
"805","143.6143646","0.07993016"
"806","143.7651383","0.08104063"
"807","143.9129086","0.08103321"
"808","144.0606473","0.08070303"
"809","144.2128695","0.07986639"
"810","144.362721","0.07976794"
"811","144.5141998","0.07854838"
"812","144.6652333","0.07757992"
"813","145.1584612","0.09787665"
"814","145.3090868","0.5044524"
"815","145.4585825","0.8246556"
"816","145.6073028","0.830968"
"817","145.7577017","0.8314332"
"818","145.910157","0.8311145"
"819","146.0555724","0.830839"
"820","146.2033233","0.8295853"
"821","146.3508607","0.8115942"
"822","146.4975185","0.5771486"
"823","146.6435593","0.1503451"
"824","147.1240797","0.07769807"
"825","147.2728372","0.08103179"
"826","147.4202646","0.08207449"
"827","147.5688968","0.0817859"
"828","147.7149438","0.08124413"
"829","147.8640397","0.08048666"
"830","148.0108967","0.07944629"
"831","148.1608787","0.07848576"
"832","148.3108529","0.0782765"
"833","148.4627264","0.07751804"
"834","148.6135544","0.07818998"
"835","148.7635168","0.8181751"
"836","149.2349733","0.8290505"
"837","149.3825842","0.8301029"
"838","149.5277345","0.8294488"
"839","149.6755898","0.8292037"
"840","149.8222706","0.8261998"
"841","149.9688186","0.7955227"
"842","150.1182029","0.3921502"
"843","150.26388","0.1070099"
"844","150.4095676","0.06487322"
"845","150.5569478","0.0705419"
"846","150.7036599","0.07723417"
"847","151.1974512","0.0810861"
"848","151.3477077","0.08033558"
"849","151.4975123","0.07942833"
"850","151.6475043","0.07849863"
"851","151.7966143","0.07779789"
"852","151.9440608","0.07710213"
"853","152.0905765","0.07656012"
"854","152.2414132","0.07767889"
"855","152.3938789","0.09371188"
"856","152.5460748","0.2703193"
"857","152.6975864","0.8160526"
"858","153.1843505","0.8276191"
"859","153.3302586","0.8274515"
"860","153.4787154","0.8218362"
"861","153.6255326","0.7647994"
"862","153.7733671","0.2579239"
"863","153.9191826","0.08085015"
"864","154.0655963","0.06412453"
"865","154.2131406","0.07158133"
"866","154.3614418","0.07685681"
"867","154.5086018","0.07929394"
"868","154.6569507","0.0804492"
"869","155.1410773","0.07863646"
"870","155.2909983","0.07770051"
"871","155.4365323","0.07687007"
"872","155.5833281","0.07658293"
"873","155.7306733","0.07627987"
"874","155.8789758","0.07748035"
"875","156.0267723","0.09308502"
"876","156.1729546","0.2681522"
"877","156.3212318","0.8157851"
"878","156.4720879","0.8266264"
"879","156.6238295","0.8275765"
"880","156.774421","0.8250954"
"881","157.2825349","0.8033854"
"882","157.4327917","0.504995"
"883","157.5816961","0.1331446"
"884","157.7286464","0.06776074"
"885","157.8777361","0.0719113"
"886","158.0259393","0.07876517"
"887","158.1761165","0.08178843"
"888","158.3248761","0.0831097"
"889","158.4780824","0.08298843"
"890","158.6273758","0.08252897"
"891","159.1535526","0.07929494"
"892","159.3043367","0.07838342"
"893","159.4526955","0.07808673"
"894","159.6013854","0.07971087"
"895","159.7506063","0.09784896"
"896","159.8996425","0.4391855"
"897","160.0514533","0.817355"
"898","160.1999372","0.8252855"
"899","160.3463554","0.825845"
"900","160.4953333","0.8251343"
"901","160.6452984","0.8249014"
"902","161.1703512","0.1479895"
"903","161.3182813","0.06492205"
"904","161.4685404","0.07059228"
"905","161.619019","0.07851997"
"906","161.7683962","0.08216642"
"907","161.9185127","0.08296062"
"908","162.0652617","0.08310286"
"909","162.2118715","0.08259985"
"910","162.3588663","0.08209796"
"911","162.5047696","0.08125769"
"912","162.6512057","0.08035153"
"913","163.0945252","0.07810909"
"914","163.2411223","0.07852226"
"915","163.389531","0.0846389"
"916","163.5365296","0.1075686"
"917","163.6856817","0.7983339"
"918","163.8364369","0.8223779"
"919","163.9889108","0.8243991"
"920","164.1393859","0.8237723"
"921","164.2925858","0.8233132"
"922","164.4411785","0.8220996"
"923","164.590413","0.8068932"
"924","164.735115","0.06822646"
"925","165.1977854","0.07159712"
"926","165.3441571","0.07941356"
"927","165.4918993","0.08349961"
"928","165.6407029","0.08481826"
"929","165.7884191","0.08496543"
"930","165.934566","0.08476184"
"931","166.0809367","0.08415098"
"932","166.2262948","0.08330107"
"933","166.3740814","0.08243079"
"934","166.523169","0.08167183"
"935","166.6743654","0.08081855"
"936","167.1800349","0.1110124"
"937","167.3280274","0.7762757"
"938","167.4770987","0.8186598"
"939","167.6263014","0.8220689"
"940","167.7748831","0.8215472"
"941","167.925451","0.8208593"
"942","168.0761362","0.8206614"
"943","168.2290422","0.8198009"
"944","168.3785128","0.8039104"
"945","168.5269027","0.5876103"
"946","168.6768169","0.1458697"
"947","169.1941277","0.08272994"
"948","169.3420493","0.08519182"
"949","169.4904952","0.08598725"
"950","169.6387028","0.08581542"
"951","169.7873701","0.08546148"
"952","169.934981","0.08470963"
"953","170.0843675","0.0838634"
"954","170.2328044","0.08312209"
"955","170.3799096","0.08234265"
"956","170.5291394","0.0817356"
"957","170.675866","0.08227103"
"958","171.1500197","0.8041341"
"959","171.2976545","0.8193567"
"960","171.4465637","0.8206655"
"961","171.5957613","0.8199635"
"962","171.7421689","0.8195292"
"963","171.8897452","0.8174756"
"964","172.0375593","0.7958817"
"965","172.1869596","0.4575172"
"966","172.3377993","0.1162445"
"967","172.488328","0.06788256"
"968","172.6384251","0.07489246"
"969","173.1220763","0.08622264"
"970","173.269165","0.08596458"
"971","173.4160192","0.08516627"
"972","173.5622488","0.08446658"
"973","173.7090813","0.0836839"
"974","173.8564943","0.08288668"
"975","174.0049269","0.08202081"
"976","174.152264","0.08127498"
"977","174.298997","0.08101787"
"978","174.444925","0.08264031"
"979","174.5910865","0.09944793"
"980","174.7392557","0.8191313"
"981","175.2119203","0.8189074"
"982","175.3575179","0.8182274"
"983","175.5018415","0.8180134"
"984","175.6505645","0.8103814"
"985","175.8003163","0.7044283"
"986","175.9512375","0.2071833"
"987","176.1017593","0.07011987"
"988","176.2534823","0.06842369"
"989","176.4036002","0.07672707"
"990","176.5550832","0.08148295"
"991","176.7062316","0.08399347"
"992","177.2372431","0.08314767"
"993","177.3893018","0.0823656"
"994","177.5384034","0.08158007"
"995","177.6873015","0.08070071"
"996","177.8389612","0.08008789"
"997","177.9913014","0.08056285"
"998","178.1447728","0.08798853"
"999","178.2945427","0.1148884"
"1000","178.4461864","0.7971667"
"1001","178.5957554","0.8161208"
"1002","178.7446352","0.8166074"
"1003","179.2686767","0.8126946"
"1004","179.4177192","0.7785991"
"1005","179.5678894","0.3157609"
"1006","179.717477","0.09169634"
"1007","179.8647412","0.06662397"
"1008","180.0153537","0.075314"
"1009","180.1647134","0.08229972"
"1010","180.3135956","0.08484334"
"1011","180.4635981","0.08559808"
"1012","180.6114877","0.08541594"
"1013","180.7574491","0.08304676"
"1014","181.2093143","0.08212125"
"1015","181.3570645","0.08117946"
"1016","181.5042089","0.08098235"
"1017","181.6511059","0.08278316"
"1018","181.7991093","0.1012528"
"1019","181.9474892","0.565049"
"1020","182.0957631","0.8105347"
"1021","182.2448297","0.8164865"
"1022","182.3931666","0.8165339"
"1023","182.5446175","0.8158011"
"1024","182.6940367","0.8155533"
"1025","183.2127777","0.128025"
"1026","183.3617064","0.0652912"
"1027","183.5122407","0.06991149"
"1028","183.6607343","0.07722655"
"1029","183.8067275","0.08051042"
"1030","183.9536229","0.08287714"
"1031","184.0993643","0.08325655"
"1032","184.2464853","0.08286816"
"1033","184.3939091","0.0824332"
"1034","184.5433664","0.08167583"
"1035","184.6901116","0.08089492"
"1036","185.1645472","0.07885263"
"1037","185.3114648","0.07989493"
"1038","185.4586536","0.09332243"
"1039","185.6057799","0.201703"
"1040","185.753973","0.8014109"
"1041","185.9029927","0.8143813"
"1042","186.048619","0.8156002"
"1043","186.1946291","0.8146271"
"1044","186.3433687","0.8142924"
"1045","186.4894686","0.8108724"
"1046","186.636672","0.780712"
"1047","186.7819802","0.06178404"
"1048","187.2457994","0.07150606"
"1049","187.3928374","0.07715366"
"1050","187.5414278","0.07954971"
"1051","187.6876335","0.08047431"
"1052","187.8351161","0.08068091"
"1053","187.9829705","0.08033483"
"1054","188.1305011","0.0798526"
"1055","188.2784875","0.07912956"
"1056","188.4281517","0.0783654"
"1057","188.5778987","0.07759911"
"1058","188.7263911","0.07749393"
"1059","189.199303","0.7328287"
"1060","189.3461725","0.8099902"
"1061","189.4934387","0.8140841"
"1062","189.6415022","0.814108"
"1063","189.789822","0.8135214"
"1064","189.9362407","0.8126999"
"1065","190.0864158","0.7976042"
"1066","190.2365487","0.5837802"
"1067","190.389305","0.1345462"
"1068","190.5389681","0.06114043"
"1069","190.6887368","0.06602893"
"1070","191.1992157","0.08057299"
"1071","191.3473549","0.08073439"
"1072","191.4967079","0.08041719"
"1073","191.6459341","0.07980482"
"1074","191.7958658","0.07905136"
"1075","191.9430987","0.07827125"
"1076","192.0913496","0.07741015"
"1077","192.2397837","0.07675231"
"1078","192.3902358","0.07730401"
"1079","192.540916","0.08500332"
"1080","192.6890945","0.1100354"
"1081","193.1999154","0.8128074"
"1082","193.3484256","0.8119779"
"1083","193.4972564","0.8116828"
"1084","193.6460008","0.8075761"
"1085","193.7947679","0.7742362"
"1086","193.9427461","0.3036788"
"1087","194.0936401","0.08250669"
"1088","194.2449973","0.06287408"
"1089","194.3947575","0.07145322"
"1090","194.545956","0.07750914"
"1091","194.696758","0.07985697"
"1092","195.1752513","0.08077483"
"1093","195.3230709","0.08017313"
"1094","195.4686295","0.07942341"
"1095","195.61571","0.07872643"
"1096","195.7627821","0.07796693"
"1097","195.9115053","0.07768999"
"1098","196.0597808","0.07927716"
"1099","196.2107998","0.09661841"
"1100","196.3638654","0.4581568"
"1101","196.514734","0.8043634"
"1102","196.6629326","0.8111262"
"1103","197.1739694","0.8103929"
"1104","197.3243514","0.8082576"
"1105","197.4765807","0.7832415"
"1106","197.6279999","0.4118888"
"1107","197.7774502","0.1008035"
"1108","197.9264808","0.06406138"
"1109","198.0746712","0.0706426"
"1110","198.224971","0.07898095"
"1111","198.377012","0.08198676"
"1112","198.5288665","0.08286086"
"1113","198.6795539","0.08286101"
"1114","199.1650953","0.08124693"
"1115","199.3109946","0.08040489"
"1116","199.4578072","0.07950841"
"1117","199.6039369","0.0790657"
"1118","199.752274","0.08046708"
"1119","199.900746","0.09551667"
"1120","200.0465865","0.2696055"
"1121","200.1980331","0.8005328"
"1122","200.3460223","0.8100521"
"1123","200.4974518","0.8108929"
"1124","200.6476821","0.809946"
"1125","201.1251529","0.650646"
"1126","201.2726264","0.1721655"
"1127","201.4201028","0.06531251"
"1128","201.5670096","0.06583982"
"1129","201.7133811","0.07554831"
"1130","201.9159857","0.08201343"
"1131","202.0637502","0.08282343"
"1132","202.2112945","0.08297139"
"1133","202.358852","0.08271136"
"1134","202.5071099","0.08218947"
"1135","202.6556647","0.08152185"
"1136","203.1255844","0.07912527"
"1137","203.2727733","0.07910816"
"1138","203.4227855","0.08190404"
"1139","203.5749228","0.1087211"
"1140","203.725411","0.7289958"
"1141","203.8735273","0.805686"
"1142","204.0211069","0.8097535"
"1143","204.1728959","0.8096943"
"1144","204.3228267","0.8090832"
"1145","204.4727708","0.8068815"
"1146","204.6243779","0.7823536"
"1147","204.777645","0.06340837"
"1148","205.2793394","0.07427521"
"1149","205.4273514","0.07913109"
"1150","205.5751798","0.08114874"
"1151","205.7229593","0.08196405"
"1152","205.8698111","0.08192045"
"1153","206.0201125","0.08160849"
"1154","206.168213","0.08091242"
"1155","206.3159648","0.08018839"
"1156","206.463271","0.07933207"
"1157","206.6110686","0.07856721"
"1158","206.7596347","0.0941869"
"1159","207.2327924","0.3165465"
"1160","207.3812672","0.7990581"
"1161","207.5288947","0.8079465"
"1162","207.678225","0.8087435"
"1163","207.827524","0.8078469"
"1164","207.9765034","0.8073755"
"1165","208.1258913","0.7970927"
"1166","208.2741032","0.6407527"
"1167","208.4259129","0.1613577"
"1168","208.5757948","0.06301525"
"1169","208.725262","0.06636024"
"1170","209.2286978","0.08245246"
"1171","209.3757605","0.08256176"
"1172","209.5282324","0.08228022"
"1173","209.6783629","0.08188233"
"1174","209.8257609","0.08122753"
"1175","209.9753737","0.0804482"
"1176","210.1230631","0.07967658"
"1177","210.2748478","0.07888063"
"1178","210.4278969","0.07856918"
"1179","210.5777897","0.08044885"
"1180","210.7288774","0.09765588"
"1181","211.2330384","0.8077973"
"1182","211.3818257","0.8072421"
"1183","211.532698","0.8067467"
"1184","211.6805216","0.8057956"
"1185","211.8294005","0.7911719"
"1186","211.9766089","0.5929126"
"1187","212.1259492","0.1563603"
"1188","212.2751608","0.09262875"
"1189","212.4259412","0.09830244"
"1190","212.5751075","0.1077522"
"1191","212.7271231","0.1115658"
"1192","213.2401431","0.1131376"
"1193","213.3873781","0.112682"
"1194","213.5370891","0.1121174"
"1195","213.6899416","0.11136"
"1196","213.842284","0.1105864"
"1197","213.9913105","0.1100261"
"1198","214.1435438","0.110609"
"1199","214.2929738","0.1162876"
"1200","214.4424719","0.5340542"
"1201","214.5937688","0.80633"
"1202","214.7440201","0.8088987"
"1203","215.2538042","0.8083702"
"1204","215.3996908","0.8049386"
"1205","215.5479477","0.7761042"
"1206","215.6948603","0.3727671"
"1207","215.8441174","0.08915548"
"1208","215.9914802","0.06275328"
"1209","216.1389003","0.07053912"
"1210","216.2876302","0.07865652"
"1211","216.4344079","0.08174225"
"1212","216.5811581","0.08272435"
"1213","216.7295648","0.08337825"
"1214","217.2127777","0.08220332"
"1215","217.3602792","0.08123638"
"1216","217.5075987","0.08028272"
"1217","217.65425","0.07987356"
"1218","217.8013527","0.08113492"
"1219","217.9469493","0.09549785"
"1220","218.0951954","0.2566401"
"1221","218.2412243","0.7962608"
"1222","218.3910528","0.8058521"
"1223","218.5387841","0.8066876"
"1224","218.6849012","0.8057472"
"1225","219.1684871","0.7678679"
"1226","219.3152262","0.3169475"
"1227","219.4633391","0.079613"
"1228","219.609452","0.05849675"
"1229","219.7565017","0.06694546"
"1230","219.9026092","0.07485193"
"1231","220.0496779","0.07765428"
"1232","220.198901","0.07884613"
"1233","220.34852","0.07913503"
"1234","220.4943841","0.0789469"
"1235","220.6406421","0.07845859"
"1236","221.106066","0.0757786"
"1237","221.2536164","0.07496211"
"1238","221.4020316","0.07445564"
"1239","221.551051","0.07538995"
"1240","221.7007335","0.08763213"
"1241","221.8500643","0.1791254"
"1242","222.000114","0.7894149"
"1243","222.1485802","0.8028485"
"1244","222.296032","0.8042932"
"1245","222.4452463","0.8034897"
"1246","222.5928232","0.8030947"
"1247","222.7441984","0.2180374"
"1248","223.266769","0.06268951"
"1249","223.4149009","0.0561332"
"1250","223.5640304","0.06720148"
"1251","223.7153528","0.07424007"
"1252","223.8660691","0.07665974"
"1253","224.0150672","0.07769255"
"1254","224.1653084","0.07778527"
"1255","224.3149986","0.0772575"
"1256","224.461784","0.07657529"
"1257","224.61099","0.07571019"
"1258","224.7612734","0.07294176"
"1259","225.2793696","0.07342511"
"1260","225.4284375","0.07885054"
"1261","225.5741039","0.09895328"
"1262","225.7223025","0.7719926"
"1263","225.8715398","0.7998754"
"1264","226.0170202","0.8026087"
"1265","226.1630522","0.8022166"
"1266","226.3099031","0.8017274"
"1267","226.456355","0.8015117"
"1268","226.6028854","0.7942416"
"1269","226.7494446","0.05785562"
"1270","227.216731","0.06035933"
"1271","227.3637857","0.07173187"
"1272","227.5118619","0.07707039"
"1273","227.6581217","0.07879619"
"1274","227.8057126","0.07937555"
"1275","227.9545616","0.07916228"
"1276","228.1008135","0.07856296"
"1277","228.2492636","0.07780966"
"1278","228.3968508","0.07686607"
"1279","228.5451255","0.07612696"
"1280","228.6931116","0.07536572"
"1281","229.2094701","0.1595844"
"1282","229.3607391","0.7847636"
"1283","229.5081428","0.7999368"
"1284","229.658063","0.8016123"
"1285","229.8051964","0.8007466"
"1286","229.9544781","0.8003275"
"1287","230.1047703","0.8001862"
"1288","230.2564967","0.7938675"
"1289","230.4035228","0.7285894"
"1290","230.5522036","0.2138913"
"1291","230.6987613","0.06416545"
"1292","231.1770263","0.07596306"
"1293","231.3234942","0.07765099"
"1294","231.4711598","0.07834551"
"1295","231.6176652","0.07783561"
"1296","231.7631599","0.07753941"
"1297","231.9096351","0.07689141"
"1298","232.0559728","0.0761233"
"1299","232.2033676","0.07523942"
"1300","232.3538999","0.07449101"
"1301","232.5036265","0.07404585"
"1302","232.6520464","0.07511287"
"1303","233.1175489","0.7912205"
"1304","233.2620554","0.7998025"
"1305","233.4077362","0.8006378"
"1306","233.5546081","0.7997545"
"1307","233.703864","0.7994329"
"1308","233.8509335","0.796136"
"1309","233.9971472","0.7698252"
"1310","234.1435038","0.4023006"
"1311","234.2914199","0.09156823"
"1312","234.4374907","0.05889656"
"1313","234.5873859","0.06702583"
"1314","234.7333714","0.07483213"
"1315","235.1339736","0.08010777"
"1316","235.2798018","0.08008604"
"1317","235.427516","0.0794694"
"1318","235.5749548","0.07871778"
"1319","235.7237734","0.07781998"
"1320","235.8704482","0.0769866"
"1321","236.0176373","0.07617049"
"1322","236.165015","0.07542305"
"1323","236.310918","0.07568607"
"1324","236.4599467","0.08065335"
"1325","236.6076878","0.09929571"
"1326","236.7555373","0.7996656"
"1327","237.2275454","0.798799"
"1328","237.3746578","0.7983349"
"1329","237.5206831","0.7964755"
"1330","237.6686796","0.7752033"
"1331","237.816345","0.472862"
"1332","237.9626778","0.1038507"
"1333","238.1103307","0.05904194"
"1334","238.2598082","0.06750072"
"1335","238.4121723","0.07607631"
"1336","238.5626908","0.08016331"
"1337","238.7122508","0.08131691"
"1338","239.2399781","0.0802052"
"1339","239.3905674","0.07933592"
"1340","239.5373387","0.07849746"
"1341","239.685233","0.07774136"
"1342","239.8324092","0.07795117"
"1343","239.9813428","0.08259434"
"1344","240.1276773","0.1006529"
"1345","240.274061","0.7625924"
"1346","240.4199217","0.7955312"
"1347","240.5660128","0.7987978"
"1348","240.7115864","0.798371"
"1349","241.2147281","0.7605285"
"1350","241.3628087","0.3158366"
"1351","241.5100167","0.07588512"
"1352","241.6558178","0.05805727"
"1353","241.8037921","0.06838106"
"1354","241.9517628","0.07675994"
"1355","242.0974442","0.07959269"
"1356","242.243989","0.08056256"
"1357","242.3907982","0.08053902"
"1358","242.537624","0.08015643"
"1359","242.6846606","0.07953967"
"1360","243.1303059","0.07718679"
"1361","243.2765806","0.07644024"
"1362","243.4248","0.07651106"
"1363","243.5762962","0.07967125"
"1364","243.7263589","0.1018772"
"1365","243.874038","0.7383043"
"1366","244.0233501","0.7933689"
"1367","244.1707012","0.797278"
"1368","244.3186846","0.7970048"
"1369","244.4652017","0.7963417"
"1370","244.6110566","0.7956707"
"1371","244.7567225","0.1024174"
"1372","245.2390501","0.05657917"
"1373","245.392404","0.06528579"
"1374","245.5418842","0.07389098"
"1375","245.6928486","0.07769819"
"1376","245.8429827","0.07930758"
"1377","245.9902034","0.07968429"
"1378","246.1385177","0.07947499"
"1379","246.2852339","0.0788569"
"1380","246.4307421","0.07811034"
"1381","246.5784188","0.07746825"
"1382","246.725246","0.07658074"
"1383","247.2010553","0.0878274"
"1384","247.3473087","0.1601213"
"1385","247.493366","0.7795766"
"1386","247.6400284","0.7950355"
"1387","247.7880344","0.796572"
"1388","247.9374281","0.795664"
"1389","248.0883388","0.7952201"
"1390","248.2385306","0.7949826"
"1391","248.3849249","0.79043"
"1392","248.5319489","0.7538891"
"1393","248.6778638","0.2880306"
"1394","249.1707292","0.07042439"
"1395","249.3226966","0.07733671"
"1396","249.477417","0.07978134"
"1397","249.6286056","0.08037391"
"1398","249.7773678","0.07998411"
"1399","249.9275227","0.07940686"
"1400","250.075854","0.07868404"
"1401","250.2245481","0.07782046"
"1402","250.3737542","0.07680748"
"1403","250.521438","0.07581585"
"1404","250.6688515","0.07564121"
"1405","251.1509924","0.7709941"
"1406","251.2975353","0.7911239"
"1407","251.4435816","0.793844"
"1408","251.5911785","0.7935489"
"1409","251.7384485","0.7934702"
"1410","251.8857912","0.7925352"
"1411","252.0316966","0.7783711"
"1412","252.1793468","0.5773425"
"1413","252.3270255","0.1290501"
"1414","252.4739911","0.05607114"
"1415","252.6213714","0.06216165"
"1416","252.7680233","0.07982553"
"1417","253.2387687","0.0803101"
"1418","253.3851195","0.08016557"
"1419","253.5316011","0.07963392"
"1420","253.6803821","0.07891319"
"1421","253.8318688","0.07807913"
"1422","253.9830791","0.07725572"
"1423","254.1312878","0.07646666"
"1424","254.2808713","0.07606916"
"1425","254.43248","0.0774183"
"1426","254.5837447","0.09201875"
"1427","254.7346496","0.7933171"
"1428","255.2250155","0.7932108"
"1429","255.3747856","0.7925333"
"1430","255.5236516","0.7920408"
"1431","255.6772493","0.779335"
"1432","255.8289457","0.5997329"
"1433","255.9788419","0.1333635"
"1434","256.127666","0.05274222"
"1435","256.2742473","0.0585847"
"1436","256.4243712","0.06882127"
"1437","256.5742982","0.07389925"
"1438","256.7241079","0.07558254"
"1439","257.2209539","0.07630607"
"1440","257.3666876","0.07564028"
"1441","257.5132883","0.0747975"
"1442","257.6614564","0.0739773"
"1443","257.8088465","0.07346743"
"1444","257.9591106","0.07427573"
"1445","258.1056085","0.08553457"
"1446","258.2512994","0.1587528"
"1447","258.398501","0.7756091"
"1448","258.5446618","0.790682"
"1449","258.6911613","0.7923024"
"1450","259.1710495","0.790697"
"1451","259.3186413","0.7796392"
"1452","259.4649836","0.6349658"
"1453","259.6105556","0.1583682"
"1454","259.7589865","0.05397841"
"1455","259.9052949","0.05660743"
"1456","260.0521122","0.06868489"
"1457","260.1991947","0.07473104"
"1458","260.3481089","0.07653427"
"1459","260.4947953","0.07677"
"1460","260.640479","0.07660346"
"1461","260.7874618","0.07456331"
"1462","261.2570816","0.07367366"
"1463","261.405409","0.07291492"
"1464","261.5540273","0.07282422"
"1465","261.7043735","0.07522423"
"1466","261.8542665","0.09822836"
"1467","262.0059732","0.6912988"
"1468","262.1532858","0.7858915"
"1469","262.3020194","0.7904022"
"1470","262.4518798","0.7903908"
"1471","262.6039548","0.7897799"
"1472","262.7554664","0.3545702"
"1473","263.2545438","0.07361065"
"1474","263.4067044","0.05453047"
"1475","263.5587544","0.06520613"
"1476","263.7084404","0.07307679"
"1477","263.8600007","0.07592716"
"1478","264.0113653","0.07642128"
"1479","264.1615059","0.07644328"
"1480","264.3123246","0.07637023"
"1481","264.4607746","0.0757913"
"1482","264.6119093","0.07509705"
"1483","264.7631469","0.07303306"
"1484","265.2586252","0.0755417"
"1485","265.4057112","0.09776162"
"1486","265.5529153","0.6951548"
"1487","265.7001677","0.7847595"
"1488","265.8480023","0.7894471"
"1489","265.9941","0.7894061"
"1490","266.1401874","0.7887344"
"1491","266.2883902","0.7884288"
"1492","266.4364922","0.7834176"
"1493","266.5842727","0.7421005"
"1494","266.7325229","0.2495202"
"1495","267.2002716","0.06624462"
"1496","267.3464532","0.07328774"
"1497","267.493467","0.07519118"
"1498","267.6430706","0.07569244"
"1499","267.7905915","0.07569282"
"1500","267.9383408","0.07537216"
"1501","268.0856654","0.07483844"
"1502","268.2366302","0.07426465"
"1503","268.3829676","0.07357555"
"1504","268.5303348","0.07277737"
"1505","268.6776455","0.0723605"
"1506","269.1649872","0.5913573"
"1507","269.3109171","0.7814035"
"1508","269.4567404","0.7879255"
"1509","269.6026168","0.7883162"
"1510","269.7488334","0.7875815"
"1511","269.8943065","0.7872189"
"1512","270.0437773","0.7775788"
"1513","270.1951609","0.6348038"
"1514","270.3443788","0.1480847"
"1515","270.4923206","0.05023019"
"1516","270.6452921","0.05623113"
"1517","271.1545727","0.07472949"
"1518","271.3011752","0.07497079"
"1519","271.4504547","0.07492031"
"1520","271.5994772","0.07437827"
"1521","271.7493123","0.07367419"
"1522","271.8989896","0.07288634"
"1523","272.0478313","0.07204785"
"1524","272.1972202","0.07125016"
"1525","272.3462503","0.07084888"
"1526","272.495299","0.07217565"
"1527","272.6459711","0.08659981"
"1528","273.1471848","0.7868984"
"1529","273.2941542","0.7867742"
"1530","273.4401248","0.786176"
"1531","273.5879394","0.7856985"
"1532","273.7394131","0.7734975"
"1533","273.8898042","0.59146"
"1534","274.0415853","0.1207029"
"1535","274.1954063","0.04829707"
"1536","274.342836","0.05475399"
"1537","274.4920406","0.06546137"
"1538","274.6457963","0.07058148"
"1539","275.1519734","0.07246384"
"1540","275.2985468","0.07200886"
"1541","275.4461249","0.07143274"
"1542","275.5946888","0.07063979"
"1543","275.7460421","0.06980778"
"1544","275.8962398","0.0692281"
"1545","276.045723","0.06973697"
"1546","276.1931072","0.07706839"
"1547","276.3413135","0.09394697"
"1548","276.4893712","0.7637567"
"1549","276.6405651","0.7841107"
"1550","276.7929203","0.7847138"
"1551","277.3000893","0.7833816"
"1552","277.448428","0.7658314"
"1553","277.5944678","0.5345505"
"1554","277.7411103","0.105986"
"1555","277.888734","0.04811512"
"1556","278.035373","0.0544978"
"1557","278.1822716","0.0663534"
"1558","278.3288842","0.07125185"
"1559","278.4750412","0.07295304"
"1560","278.6235944","0.07347211"
"1561","278.7699908","0.0720806"
"1562","279.2250674","0.07142033"
"1563","279.3729696","0.07058282"
"1564","279.5227475","0.06979078"
"1565","279.6756203","0.0698069"
"1566","279.8246361","0.07313078"
"1567","279.9782507","0.09138055"
"1568","280.128635","0.737032"
"1569","280.2779967","0.7811835"
"1570","280.427984","0.7845348"
"1571","280.576216","0.7841616"
"1572","280.7234811","0.7835956"
"1573","281.2342674","0.3426664"
"1574","281.3835677","0.06713674"
"1575","281.5334842","0.04933037"
"1576","281.6808025","0.06037585"
"1577","281.8310553","0.06887037"
"1578","281.9819725","0.07148569"
"1579","282.131931","0.07270806"
"1580","282.2796234","0.07283845"
"1581","282.4278769","0.07255901"
"1582","282.5744932","0.07211389"
"1583","282.7239214","0.07139775"
"1584","283.2497676","0.06870726"
"1585","283.4006637","0.06906026"
"1586","283.5509012","0.07352392"
"1587","283.6977771","0.08910426"
"1588","283.844267","0.7442207"
"1589","283.9926131","0.780336"
"1590","284.139292","0.7834519"
"1591","284.2852813","0.782976"
"1592","284.4332561","0.7824538"
"1593","284.5819247","0.781745"
"1594","284.7293298","0.7690867"
"1595","285.248154","0.05092542"
"1596","285.397671","0.0621445"
"1597","285.5495908","0.07005396"
"1598","285.6968612","0.07226887"
"1599","285.8421132","0.07349032"
"1600","285.9892356","0.07361332"
"1601","286.1367654","0.07350094"
"1602","286.2832549","0.07300794"
"1603","286.4285349","0.07226949"
"1604","286.5747869","0.07147893"
"1605","286.7208273","0.07065131"
"1606","287.2350368","0.07938731"
"1607","287.3856977","0.1370187"
"1608","287.5336851","0.7639115"
"1609","287.6821766","0.7809008"
"1610","287.8294563","0.7826384"
"1611","287.976211","0.7818841"
"1612","288.1258467","0.7814199"
"1613","288.2759948","0.7811389"
"1614","288.4253989","0.7714188"
"1615","288.5730842","0.6380281"
"1616","288.7243647","0.1430293"
"1617","289.2382728","0.06845751"
"1618","289.3876659","0.07233319"
"1619","289.5361063","0.07344019"
"1620","289.6839889","0.07362389"
"1621","289.8347059","0.07343612"
"1622","289.9830476","0.07302915"
"1623","290.1317218","0.0722742"
"1624","290.2822836","0.07148831"
"1625","290.4323555","0.0706386"
"1626","290.5810209","0.0699182"
"1627","290.7292059","0.07002784"
"1628","291.2552921","0.7693978"
"1629","291.4083174","0.7804505"
"1630","291.5577875","0.7815413"
"1631","291.7069278","0.7806267"
"1632","291.8554283","0.7802223"
"1633","292.0075303","0.7735709"
"1634","292.1578894","0.7033765"
"1635","292.3078959","0.1846937"
"1636","292.457335","0.0470263"
"1637","292.6069118","0.05173369"
"1638","292.7540907","0.07201269"
"1639","293.2306433","0.07247428"
"1640","293.3795154","0.07223872"
"1641","293.5272451","0.07184026"
"1642","293.6738085","0.07121613"
"1643","293.819613","0.07063819"
"1644","293.9671578","0.0698251"
"1645","294.1129059","0.06905663"
"1646","294.2606339","0.06842712"
"1647","294.4084497","0.06874692"
"1648","294.5558503","0.0733714"
"1649","294.7030352","0.08769406"
"1650","295.2164799","0.780165"
"1651","295.3680584","0.7792489"
"1652","295.5161418","0.7788647"
"1653","295.666602","0.7743184"
"1654","295.814551","0.7392282"
"1655","295.9627524","0.2710701"
"1656","296.1146088","0.05405493"
"1657","296.2642787","0.04667062"
"1658","296.4131334","0.06012093"
"1659","296.5603326","0.06745649"
"1660","296.7111958","0.07021143"
"1661","297.2260328","0.07104192"
"1662","297.3784098","0.07036584"
"1663","297.5265485","0.06968808"
"1664","297.6749413","0.06885262"
"1665","297.8267835","0.06823379"
"1666","297.9756943","0.06867889"
"1667","298.1253427","0.07535387"
"1668","298.274823","0.0967513"
"1669","298.4266364","0.7579229"
"1670","298.5760813","0.7767732"
"1671","298.7236592","0.7789853"
"1672","299.1900395","0.7775619"
"1673","299.3361534","0.7685989"
"1674","299.4823612","0.6622104"
"1675","299.6293333","0.1588052"
"1676","299.7755651","0.04246887"
"1677","299.9256847","0.04741023"
"1678","300.0748817","0.0597179"
"1679","300.2247538","0.06565718"
"1680","300.3730294","0.06799106"
"1681","300.5210097","0.0687145"
"1682","300.6683351","0.0689105"
"1683","301.1466066","0.06755865"
"1684","301.2938867","0.06697098"
"1685","301.4419034","0.06633132"
"1686","301.5897496","0.06625227"
"1687","301.7382965","0.0685359"
"1688","301.8871597","0.08985265"
"1689","302.0337492","0.640984"
"1690","302.1790449","0.7707292"
"1691","302.3249726","0.7768608"
"1692","302.4720019","0.777198"
"1693","302.6204895","0.7764871"
"1694","302.7690656","0.6516741"
"1695","303.2404158","0.1486681"
"1696","303.3891042","0.0407328"
"1697","303.5361689","0.04621503"
"1698","303.6831176","0.05883853"
"1699","303.8296485","0.06503267"
"1700","303.9765086","0.06745945"
"1701","304.1237835","0.06817634"
"1702","304.2701419","0.06814282"
"1703","304.4155769","0.06795189"
"1704","304.5629165","0.06723328"
"1705","304.7102608","0.06674022"
"1706","305.1887177","0.06477037"
"1707","305.3365013","0.06548665"
"1708","305.4849999","0.07539051"
"1709","305.6330018","0.1226495"
"1710","305.780952","0.7560122"
"1711","305.9284704","0.773941"
"1712","306.0749993","0.7759789"
"1713","306.2223436","0.7752817"
"1714","306.3691648","0.7748672"
"1715","306.5166467","0.7720833"
"1716","306.6636684","0.7465596"
"1717","307.1421374","0.04216588"
"1718","307.2881873","0.05507201"
"1719","307.4349845","0.06254377"
"1720","307.5813997","0.06495026"
"1721","307.7276238","0.06594688"
"1722","307.8756728","0.06609531"
"1723","308.0225059","0.06618538"
"1724","308.1686226","0.06639782"
"1725","308.3150031","0.06589136"
"1726","308.4610896","0.06524775"
"1727","308.6080519","0.06450267"
"1728","308.7563347","0.0773681"
"1729","309.2509189","0.2105576"
"1730","309.3995412","0.7608839"
"1731","309.5498296","0.7738008"
"1732","309.7029292","0.7750089"
"1733","309.8539271","0.7741304"
"1734","310.0049571","0.7737767"
"1735","310.1543276","0.7660943"
"1736","310.3043586","0.6711504"
"1737","310.4559068","0.1548405"
"1738","310.6071085","0.03702872"
"1739","310.7576919","0.06406388"
"1740","311.2408798","0.06531832"
"1741","311.3882044","0.06592076"
"1742","311.5369256","0.06610441"
"1743","311.6836661","0.06577199"
"1744","311.8326498","0.06525764"
"1745","311.9798276","0.0646044"
"1746","312.1275281","0.0639558"
"1747","312.2746322","0.06318126"
"1748","312.4220063","0.06267289"
"1749","312.5687666","0.06364492"
"1750","312.714884","0.07628707"
"1751","313.1911017","0.7730327"
"1752","313.3385137","0.7737087"
"1753","313.4887257","0.7729049"
"1754","313.6366981","0.7725589"
"1755","313.7851043","0.7646554"
"1756","313.9332129","0.6747319"
"1757","314.0786622","0.1638012"
"1758","314.2265678","0.0369558"
"1759","314.3731597","0.04192637"
"1760","314.5198423","0.05487901"
"1761","314.6665635","0.06132687"
"1762","315.1515441","0.06488605"
"1763","315.297325","0.0644597"
"1764","315.4439817","0.06386695"
"1765","315.5918259","0.06377493"
"1766","315.7415155","0.0629129"
"1767","315.8888482","0.06208277"
"1768","316.0354412","0.06190219"
"1769","316.1813846","0.06354894"
"1770","316.3287891","0.07846978"
"1771","316.4781424","0.4118386"
"1772","316.628917","0.7635582"
"1773","316.7773783","0.7716755"
"1774","317.2737796","0.7713687"
"1775","317.4234629","0.7655513"
"1776","317.5743099","0.710027"
"1777","317.725416","0.1827135"
"1778","317.8746032","0.03694658"
"1779","318.024124","0.04006307"
"1780","318.1714214","0.05314104"
"1781","318.3205275","0.06078853"
"1782","318.4673347","0.06338944"
"1783","318.6149077","0.06432257"
"1784","318.7593378","0.06319378"
"1785","319.2580268","0.06242012"
"1786","319.4079388","0.06165035"
"1787","319.5600549","0.06090571"
"1788","319.7123174","0.06076766"
"1789","319.8614776","0.0624758"
"1790","320.0100375","0.07698647"
"1791","320.1583545","0.4348963"
"1792","320.3045417","0.7622119"
"1793","320.4545263","0.7706646"
"1794","320.605762","0.7712948"
"1795","320.7569151","0.7296717"
"1796","321.2650943","0.2678396"
"1797","321.413779","0.04344928"
"1798","321.5634602","0.03685613"
"1799","321.715493","0.05051267"
"1800","321.8647263","0.0584794"
"1801","322.0132954","0.06166416"
"1802","322.1649684","0.06251738"
"1803","322.3147789","0.06282972"
"1804","322.4640564","0.06259716"
"1805","322.6135968","0.06210854"
"1806","322.7633646","0.05948166"
"1807","323.2762669","0.05892733"
"1808","323.4267518","0.0595354"
"1809","323.5783363","0.06727374"
"1810","323.7289415","0.09110447"
"1811","323.8785492","0.7479813"
"1812","324.0277095","0.767702"
"1813","324.1762227","0.7700738"
"1814","324.3257078","0.7694169"
"1815","324.4749044","0.7689622"
"1816","324.6227316","0.7626033"
"1817","324.7709021","0.03007152"
"1818","325.2354671","0.03759605"
"1819","325.3832079","0.05116326"
"1820","325.5307611","0.05710697"
"1821","325.6781853","0.05957783"
"1822","325.8251087","0.06072435"
"1823","325.9713896","0.06101757"
"1824","326.1182499","0.06060779"
"1825","326.2669512","0.06005384"
"1826","326.4134583","0.05941603"
"1827","326.5594392","0.05865174"
"1828","326.7050999","0.05797469"
"1829","327.1840044","0.07223778"
"1830","327.3330649","0.2762085"
"1831","327.4808941","0.7560989"
"1832","327.6281867","0.7675107"
"1833","327.774947","0.7688368"
"1834","327.9227333","0.7679708"
"1835","328.0685321","0.7675956"
"1836","328.2177177","0.7587714"
"1837","328.3639678","0.6526756"
"1838","328.5106726","0.1449273"
"1839","328.6583578","0.03054517"
"1840","329.1178166","0.05758279"
"1841","329.2634238","0.05959529"
"1842","329.4104104","0.06047724"
"1843","329.5570876","0.06061754"
"1844","329.7041202","0.06038844"
"1845","329.8509936","0.05993606"
"1846","329.9972811","0.05943714"
"1847","330.1429176","0.05873238"
"1848","330.2901461","0.05798846"
"1849","330.4366866","0.05731736"
"1850","330.5862361","0.05759924"
"1851","330.7365327","0.06195288"
"1852","331.2463834","0.7662249"
"1853","331.3924958","0.767831"
"1854","331.5430067","0.7669084"
"1855","331.6948224","0.7665456"
"1856","331.8451353","0.7618793"
"1857","331.9948987","0.722559"
"1858","332.1440686","0.2362058"
"1859","332.2914611","0.03710704"
"1860","332.438208","0.0333671"
"1861","332.588831","0.04698954"
"1862","332.7415955","0.05849999"
"1863","333.2435213","0.05925801"
"1864","333.394113","0.05879935"
"1865","333.5427145","0.0582991"
"1866","333.6940363","0.05734201"
"1867","333.8442949","0.05643174"
"1868","333.9958071","0.05568255"
"1869","334.147456","0.05569703"
"1870","334.2950337","0.0578328"
"1871","334.4414072","0.07516749"
"1872","334.5891512","0.5800434"
"1873","334.7360088","0.7659872"
"1874","335.2058733","0.7654232"
"1875","335.3522539","0.7651619"
"1876","335.4998572","0.7644855"
"1877","335.6461025","0.7508047"
"1878","335.7941217","0.5559993"
"1879","335.9412518","0.09874377"
"1880","336.0890213","0.03079103"
"1881","336.2354789","0.0382235"
"1882","336.3821097","0.0513564"
"1883","336.5299927","0.0571464"
"1884","336.6767188","0.05902307"
"1885","337.1514434","0.05957671"
"1886","337.2973701","0.05909972"
"1887","337.4459978","0.05848178"
"1888","337.59354","0.0576909"
"1889","337.7409031","0.05695963"
"1890","337.8887239","0.05682215"
"1891","338.0356293","0.05880204"
"1892","338.1815593","0.07413885"
"1893","338.3269875","0.4285443"
"1894","338.4724226","0.7553522"
"1895","338.6191104","0.7642447"
"1896","338.7648566","0.7639216"
"1897","339.224101","0.7529387"
"1898","339.3708157","0.6008371"
"1899","339.5200837","0.1085159"
"1900","339.6691076","0.02633471"
"1901","339.8189488","0.03493557"
"1902","339.9685286","0.04867473"
"1903","340.1199536","0.05406305"
"1904","340.2703652","0.05648263"
"1905","340.4193996","0.05699512"
"1906","340.5682258","0.05719646"
"1907","340.7167668","0.05692528"
"1908","341.1956197","0.05511748"
"1909","341.3413112","0.05448483"
"1910","341.4873801","0.05397721"
"1911","341.6348287","0.05454129"
"1912","341.7804412","0.06076828"
"1913","341.9275613","0.06763653"
"1914","342.0761853","0.7352021"
"1915","342.2238166","0.7609574"
"1916","342.3723546","0.7638292"
"1917","342.5204039","0.7632554"
"1918","342.6676575","0.7628348"
"1919","343.1843483","0.1755745"
"1920","343.3335599","0.02706135"
"1921","343.4818846","0.03096138"
"1922","343.628273","0.04509999"
"1923","343.7759846","0.05290706"
"1924","343.9265133","0.05552352"
"1925","344.0768248","0.05689969"
"1926","344.2298261","0.05712816"
"1927","344.3782345","0.05689326"
"1928","344.5251569","0.05646819"
"1929","344.6716153","0.05593694"
"1930","345.1791911","0.05423418"
"1931","345.3290486","0.05652921"
"1932","345.4768338","0.07587102"
"1933","345.6265141","0.6253324"
"1934","345.7747383","0.7565732"
"1935","345.9258134","0.7623818"
"1936","346.0754255","0.7625389"
"1937","346.2254801","0.7619041"
"1938","346.3755179","0.7616313"
"1939","346.5224362","0.7601271"
"1940","346.6691606","0.7402081"
"1941","347.1269896","0.02965995"
"1942","347.2748282","0.04059242"
"1943","347.4205107","0.052498"
"1944","347.5687638","0.05707679"
"1945","347.7184441","0.05851673"
"1946","347.8694538","0.05872479"
"1947","348.0200395","0.05870919"
"1948","348.1685728","0.05856201"
"1949","348.3170422","0.05804889"
"1950","348.4697869","0.0573753"
"1951","348.6182937","0.05660526"
"1952","348.7676237","0.06125701"
"1953","349.2400736","0.07075241"
"1954","349.3861162","0.7230903"
"1955","349.5333498","0.7580818"
"1956","349.6789566","0.7615176"
"1957","349.8265037","0.7612755"
"1958","349.9721579","0.7607951"
"1959","350.1179731","0.7605704"
"1960","350.264015","0.7588939"
"1961","350.409112","0.7389068"
"1962","350.557525","0.4477746"
"1963","350.7075261","0.0663399"
"1964","351.2246255","0.05572052"
"1965","351.3753243","0.05855582"
"1966","351.5264682","0.05938769"
"1967","351.6739412","0.05940407"
"1968","351.824433","0.05914236"
"1969","351.97273","0.05865437"
"1970","352.1258508","0.05798632"
"1971","352.2770677","0.05739806"
"1972","352.4268647","0.05657916"
"1973","352.5756578","0.0561684"
"1974","352.7239914","0.05703414"
"1975","353.2109945","0.7510012"
"1976","353.3627201","0.7599638"
"1977","353.5126669","0.7606046"
"1978","353.6607502","0.7599021"
"1979","353.8108255","0.7595502"
"1980","353.9584564","0.749247"
"1981","354.1097984","0.6061001"
"1982","354.2575525","0.1139249"
"1983","354.4067271","0.02614284"
"1984","354.5579045","0.03517801"
"1985","354.7048518","0.04837122"
"1986","355.177228","0.05780665"
"1987","355.3244031","0.0580899"
"1988","355.472088","0.05769782"
"1989","355.6195518","0.05718488"
"1990","355.766926","0.05661155"
"1991","355.913176","0.05593901"
"1992","356.0622899","0.05527452"
"1993","356.2127129","0.05474791"
"1994","356.3639014","0.05519748"
"1995","356.5129147","0.06080662"
"1996","356.6613708","0.06581113"
"1997","356.8083495","0.7594692"
"1998","357.30213","0.7585881"
"1999","357.4513866","0.7582597"
"2000","357.6005915","0.7541482"
"2001","357.7485651","0.7219997"
"2002","357.8987584","0.2873791"
"2003","358.0464121","0.03860476"
"2004","358.1936857","0.0283272"
"2005","358.3428567","0.0418266"
"2006","358.4927886","0.05152247"
"2007","358.640901","0.05485558"
"2008","358.7915628","0.05650992"
"2009","359.2621778","0.05599058"
"2010","359.4081991","0.05545297"
"2011","359.5542801","0.05485921"
"2012","359.7011091","0.05426609"
"2013","359.8482893","0.0542077"
"2014","359.9942596","0.05595279"
"2015","360.1420696","0.07018024"
"2016","360.2894421","0.4757563"
"2017","360.4380119","0.7495342"
"2018","360.5854029","0.7575986"
"2019","360.7314009","0.7582821"
"2020","361.2086824","0.7404888"
"2021","361.3558624","0.5202441"
"2022","361.5051369","0.07546638"
"2023","361.6562763","0.02477904"
"2024","361.8037491","0.03466607"
"2025","361.952483","0.04694271"
"2026","362.1049777","0.05181496"
"2027","362.2559692","0.05328903"
"2028","362.4087455","0.05372654"
"2029","362.5598347","0.05425236"
"2030","362.7092477","0.05408783"
"2031","363.2202543","0.0522757"
"2032","363.3708912","0.05169627"
"2033","363.5237516","0.05193356"
"2034","363.6749223","0.05623339"
"2035","363.8234039","0.06645129"
"2036","363.9735549","0.7181528"
"2037","364.1242879","0.7537609"
"2038","364.2713586","0.7568995"
"2039","364.4169978","0.7566445"
"2040","364.5638367","0.7561157"
"2041","364.7101277","0.7541113"
"2042","365.1881532","0.03500714"
"2043","365.335234","0.02587852"
"2044","365.4828369","0.03976273"
"2045","365.6293834","0.04926699"
"2046","365.7785171","0.05199634"
"2047","365.9247197","0.05312862"
"2048","366.0728248","0.05355761"
"2049","366.218006","0.05337103"
"2050","366.3649595","0.05290611"
"2051","366.5110722","0.05234038"
"2052","366.6597418","0.05175654"
"2053","366.8068938","0.04965893"
"2054","367.2802293","0.04899745"
"2055","367.4258915","0.04846036"
"2056","367.5754038","0.04781974"
"2057","367.7226367","0.04729367"
"2058","367.8686921","0.04672279"
"2059","368.0197605","0.04611216"
"2060","368.1682048","0.04559506"
"2061","368.3132925","0.04504424"
"2062","368.4603234","0.04452998"
"2063","368.6099201","0.0441274"
"2064","368.756904","0.0436304"
"2065","369.2322251","0.04205208"
"2066","369.3772972","0.04160507"
"2067","369.5238126","0.04111009"
"2068","369.6707738","0.0406668"
"2069","369.81775","0.04026815"
"2070","369.9640352","0.03980445"
"2071","370.1109026","0.03935193"
"2072","370.2595361","0.03893591"
"2073","370.4072207","0.0386411"
"2074","370.5532753","0.03817049"
"2075","370.6995071","0.03771359"
"2076","371.1581463","0.03632"
"2077","371.3033684","0.03587785"
"2078","371.451556","0.03545492"
"2079","371.6007363","0.03505215"
"2080","371.7481577","0.03463449"
"2081","371.9000786","0.0342439"
"2082","372.0483205","0.0338544"
"2083","372.1979074","0.03344225"

"最小值","0.0006009","-0.03054036"
"最大值","372.1979074","0.8927072"
"平均值","186.085862248632","0.305116946037493"
"标准偏差","107.638105640249","0.3343034161818"
"变异系数","57.8432473803047%","109.565666713484%"
